{
  "accuracy": 0.9766081871345029,
  "precision": 0.9838709677419355,
  "recall": 0.953125,
  "specificity": 0.9906542056074766,
  "f1_score": 0.9682539682539683,
  "roc_auc": 0.9969334112149533,
  "true_positives": 61,
  "true_negatives": 106,
  "false_positives": 1,
  "false_negatives": 3,
  "total_samples": 171,
  "classification_report": {
    "0": {
      "precision": 0.9724770642201835,
      "recall": 0.9906542056074766,
      "f1-score": 0.9814814814814815,
      "support": 107.0
    },
    "1": {
      "precision": 0.9838709677419355,
      "recall": 0.953125,
      "f1-score": 0.9682539682539683,
      "support": 64.0
    },
    "accuracy": 0.9766081871345029,
    "macro avg": {
      "precision": 0.9781740159810595,
      "recall": 0.9718896028037383,
      "f1-score": 0.9748677248677249,
      "support": 171.0
    },
    "weighted avg": {
      "precision": 0.9767414491639972,
      "recall": 0.9766081871345029,
      "f1-score": 0.9765308332559794,
      "support": 171.0
    }
  },
  "confusion_matrix": [
    [
      106,
      1
    ],
    [
      3,
      61
    ]
  ]
}